[
{"date": ["<span class=\"pdingleft10 brlefte5\">\n\t\t\t        \t\t\t\t\t\t\t        \t\t\t\t\tДобавлено: в\t\t\t        \t\t\t\t\t\t\t\t        \t\t\t12:54, 11 апреля 2019, <span class=\"nowrap\">Номер объявления: 569860806</span>\n\t\t\t\t\t\t\t\t</span>"]},
{"date": ["<span class=\"pdingleft10 brlefte5\">\n\t\t\t        \t\t\t\t\t\t\t        \t\t\t\t\tДобавлено: в\t\t\t        \t\t\t\t\t\t\t\t        \t\t\t10:20, 20 марта 2019, <span class=\"nowrap\">Номер объявления: 360945018</span>\n\t\t\t\t\t\t\t\t</span>"]},
{"date": ["<span class=\"pdingleft10 brlefte5\">\n\t\t\t        \t\t\t\t\t\t\t        \t\t\t\t\tДобавлено: в\t\t\t        \t\t\t\t\t\t\t\t        \t\t\t11:36, 13 апреля 2019, <span class=\"nowrap\">Номер объявления: 473987008</span>\n\t\t\t\t\t\t\t\t</span>"]},
{"date": ["<span class=\"pdingleft10 brlefte5\">\n\t\t\t        \t\t\t\t\t\t\t        \t\t\t\t\t<i data-icon=\"mobile\"></i>\n\t\t\t        \t\t\t\t\t\t\t\t        \t\t\t\t\t\t<a class=\"link mobile\" href=\"https://www.olx.ua/mobileapps/\" target=\"_blank\"><span>Опубликовано с мобильного</span></a> в\t\t\t        \t\t\t\t\t\t\t\t        \t\t\t\t\t\t\t\t        \t\t\t10:40, 20 марта 2019, <span class=\"nowrap\">Номер объявления: 564786204</span>\n\t\t\t\t\t\t\t\t</span>"]},
{"date": ["<span class=\"pdingleft10 brlefte5\">\n\t\t\t        \t\t\t\t\t\t\t        \t\t\t\t\tДобавлено: в\t\t\t        \t\t\t\t\t\t\t\t        \t\t\t15:43, 21 марта 2019, <span class=\"nowrap\">Номер объявления: 581373184</span>\n\t\t\t\t\t\t\t\t</span>"]},
{"date": ["<span class=\"pdingleft10 brlefte5\">\n\t\t\t        \t\t\t\t\t\t\t        \t\t\t\t\tДобавлено: в\t\t\t        \t\t\t\t\t\t\t\t        \t\t\t09:23, 27 марта 2019, <span class=\"nowrap\">Номер объявления: 587683329</span>\n\t\t\t\t\t\t\t\t</span>"]},
{"date": ["<span class=\"pdingleft10 brlefte5\">\n\t\t\t        \t\t\t\t\t\t\t        \t\t\t\t\tДобавлено: в\t\t\t        \t\t\t\t\t\t\t\t        \t\t\t10:36, 4 апреля 2019, <span class=\"nowrap\">Номер объявления: 557523723</span>\n\t\t\t\t\t\t\t\t</span>"]},
{"date": ["<span class=\"pdingleft10 brlefte5\">\n\t\t\t        \t\t\t\t\t\t\t        \t\t\t\t\tДобавлено: в\t\t\t        \t\t\t\t\t\t\t\t        \t\t\t17:42, 26 марта 2019, <span class=\"nowrap\">Номер объявления: 587602274</span>\n\t\t\t\t\t\t\t\t</span>"]},
{"date": ["<span class=\"pdingleft10 brlefte5\">\n\t\t\t        \t\t\t\t\t\t\t        \t\t\t\t\tДобавлено: в\t\t\t        \t\t\t\t\t\t\t\t        \t\t\t11:26, 9 апреля 2019, <span class=\"nowrap\">Номер объявления: 589798219</span>\n\t\t\t\t\t\t\t\t</span>"]},
{"date": ["<span class=\"pdingleft10 brlefte5\">\n\t\t\t        \t\t\t\t\t\t\t        \t\t\t\t\t<i data-icon=\"mobile\"></i>\n\t\t\t        \t\t\t\t\t\t\t\t        \t\t\t\t\t\t<a class=\"link mobile\" href=\"https://www.olx.ua/mobileapps/\" target=\"_blank\"><span>Опубликовано с мобильного</span></a> в\t\t\t        \t\t\t\t\t\t\t\t        \t\t\t\t\t\t\t\t        \t\t\t12:02, 13 апреля 2019, <span class=\"nowrap\">Номер объявления: 590450023</span>\n\t\t\t\t\t\t\t\t</span>"]},
{"date": ["<span class=\"pdingleft10 brlefte5\">\n\t\t\t        \t\t\t\t\t\t\t        \t\t\t\t\t<i data-icon=\"mobile\"></i>\n\t\t\t        \t\t\t\t\t\t\t\t        \t\t\t\t\t\t<a class=\"link mobile\" href=\"https://www.olx.ua/mobileapps/\" target=\"_blank\"><span>Опубликовано с мобильного</span></a> в\t\t\t        \t\t\t\t\t\t\t\t        \t\t\t\t\t\t\t\t        \t\t\t13:11, 2 апреля 2019, <span class=\"nowrap\">Номер объявления: 588685477</span>\n\t\t\t\t\t\t\t\t</span>"]},
{"date": ["<span class=\"pdingleft10 brlefte5\">\n\t\t\t        \t\t\t\t\t\t\t        \t\t\t\t\t<i data-icon=\"mobile\"></i>\n\t\t\t        \t\t\t\t\t\t\t\t        \t\t\t\t\t\t<a class=\"link mobile\" href=\"https://www.olx.ua/mobileapps/\" target=\"_blank\"><span>Опубликовано с мобильного</span></a> в\t\t\t        \t\t\t\t\t\t\t\t        \t\t\t\t\t\t\t\t        \t\t\t14:36, 13 апреля 2019, <span class=\"nowrap\">Номер объявления: 590476814</span>\n\t\t\t\t\t\t\t\t</span>"]},
{"date": ["<span class=\"pdingleft10 brlefte5\">\n\t\t\t        \t\t\t\t\t\t\t        \t\t\t\t\t<i data-icon=\"mobile\"></i>\n\t\t\t        \t\t\t\t\t\t\t\t        \t\t\t\t\t\t<a class=\"link mobile\" href=\"https://www.olx.ua/mobileapps/\" target=\"_blank\"><span>Опубликовано с мобильного</span></a> в\t\t\t        \t\t\t\t\t\t\t\t        \t\t\t\t\t\t\t\t        \t\t\t13:51, 13 апреля 2019, <span class=\"nowrap\">Номер объявления: 580365220</span>\n\t\t\t\t\t\t\t\t</span>"]},
{"date": ["<span class=\"pdingleft10 brlefte5\">\n\t\t\t        \t\t\t\t\t\t\t        \t\t\t\t\tДобавлено: в\t\t\t        \t\t\t\t\t\t\t\t        \t\t\t14:35, 13 апреля 2019, <span class=\"nowrap\">Номер объявления: 590476257</span>\n\t\t\t\t\t\t\t\t</span>"]},
{"date": ["<span class=\"pdingleft10 brlefte5\">\n\t\t\t        \t\t\t\t\t\t\t        \t\t\t\t\tДобавлено: в\t\t\t        \t\t\t\t\t\t\t\t        \t\t\t14:36, 5 апреля 2019, <span class=\"nowrap\">Номер объявления: 583773546</span>\n\t\t\t\t\t\t\t\t</span>"]},
{"date": ["<span class=\"pdingleft10 brlefte5\">\n\t\t\t        \t\t\t\t\t\t\t        \t\t\t\t\tДобавлено: в\t\t\t        \t\t\t\t\t\t\t\t        \t\t\t14:43, 26 марта 2019, <span class=\"nowrap\">Номер объявления: 466253468</span>\n\t\t\t\t\t\t\t\t</span>"]},
{"date": ["<span class=\"pdingleft10 brlefte5\">\n\t\t\t        \t\t\t\t\t\t\t        \t\t\t\t\tДобавлено: в\t\t\t        \t\t\t\t\t\t\t\t        \t\t\t23:42, 12 апреля 2019, <span class=\"nowrap\">Номер объявления: 580297736</span>\n\t\t\t\t\t\t\t\t</span>"]},
{"date": ["<span class=\"pdingleft10 brlefte5\">\n\t\t\t        \t\t\t\t\t\t\t        \t\t\t\t\tДобавлено: в\t\t\t        \t\t\t\t\t\t\t\t        \t\t\t21:54, 8 апреля 2019, <span class=\"nowrap\">Номер объявления: 574696537</span>\n\t\t\t\t\t\t\t\t</span>"]},
{"date": ["<span class=\"pdingleft10 brlefte5\">\n\t\t\t        \t\t\t\t\t\t\t        \t\t\t\t\t<i data-icon=\"mobile\"></i>\n\t\t\t        \t\t\t\t\t\t\t\t        \t\t\t\t\t\t<a class=\"link mobile\" href=\"https://www.olx.ua/mobileapps/\" target=\"_blank\"><span>Опубликовано с мобильного</span></a> в\t\t\t        \t\t\t\t\t\t\t\t        \t\t\t\t\t\t\t\t        \t\t\t00:38, 13 апреля 2019, <span class=\"nowrap\">Номер объявления: 590415612</span>\n\t\t\t\t\t\t\t\t</span>"]},
{"date": ["<span class=\"pdingleft10 brlefte5\">\n\t\t\t        \t\t\t\t\t\t\t        \t\t\t\t\tДобавлено: в\t\t\t        \t\t\t\t\t\t\t\t        \t\t\t13:55, 10 апреля 2019, <span class=\"nowrap\">Номер объявления: 589997473</span>\n\t\t\t\t\t\t\t\t</span>"]},
{"date": ["<span class=\"pdingleft10 brlefte5\">\n\t\t\t        \t\t\t\t\t\t\t        \t\t\t\t\tДобавлено: в\t\t\t        \t\t\t\t\t\t\t\t        \t\t\t11:19, 31 марта 2019, <span class=\"nowrap\">Номер объявления: 577838586</span>\n\t\t\t\t\t\t\t\t</span>"]},
{"date": ["<span class=\"pdingleft10 brlefte5\">\n\t\t\t        \t\t\t\t\t\t\t        \t\t\t\t\t<i data-icon=\"mobile\"></i>\n\t\t\t        \t\t\t\t\t\t\t\t        \t\t\t\t\t\t<a class=\"link mobile\" href=\"https://www.olx.ua/mobileapps/\" target=\"_blank\"><span>Опубликовано с мобильного</span></a> в\t\t\t        \t\t\t\t\t\t\t\t        \t\t\t\t\t\t\t\t        \t\t\t08:51, 7 апреля 2019, <span class=\"nowrap\">Номер объявления: 589452996</span>\n\t\t\t\t\t\t\t\t</span>"]},
{"date": ["<span class=\"pdingleft10 brlefte5\">\n\t\t\t        \t\t\t\t\t\t\t        \t\t\t\t\tДобавлено: в\t\t\t        \t\t\t\t\t\t\t\t        \t\t\t15:25, 9 апреля 2019, <span class=\"nowrap\">Номер объявления: 589846849</span>\n\t\t\t\t\t\t\t\t</span>"]},
{"date": ["<span class=\"pdingleft10 brlefte5\">\n\t\t\t        \t\t\t\t\t\t\t        \t\t\t\t\t<i data-icon=\"mobile\"></i>\n\t\t\t        \t\t\t\t\t\t\t\t        \t\t\t\t\t\t<a class=\"link mobile\" href=\"https://www.olx.ua/mobileapps/\" target=\"_blank\"><span>Опубликовано с мобильного</span></a> в\t\t\t        \t\t\t\t\t\t\t\t        \t\t\t\t\t\t\t\t        \t\t\t09:24, 13 апреля 2019, <span class=\"nowrap\">Номер объявления: 590428739</span>\n\t\t\t\t\t\t\t\t</span>"]},
{"date": ["<span class=\"pdingleft10 brlefte5\">\n\t\t\t        \t\t\t\t\t\t\t        \t\t\t\t\tДобавлено: в\t\t\t        \t\t\t\t\t\t\t\t        \t\t\t09:50, 6 апреля 2019, <span class=\"nowrap\">Номер объявления: 584111415</span>\n\t\t\t\t\t\t\t\t</span>"]},
{"date": ["<span class=\"pdingleft10 brlefte5\">\n\t\t\t        \t\t\t\t\t\t\t        \t\t\t\t\tДобавлено: в\t\t\t        \t\t\t\t\t\t\t\t        \t\t\t09:13, 8 апреля 2019, <span class=\"nowrap\">Номер объявления: 589607692</span>\n\t\t\t\t\t\t\t\t</span>"]},
{"date": ["<span class=\"pdingleft10 brlefte5\">\n\t\t\t        \t\t\t\t\t\t\t        \t\t\t\t\tДобавлено: в\t\t\t        \t\t\t\t\t\t\t\t        \t\t\t09:34, 9 апреля 2019, <span class=\"nowrap\">Номер объявления: 589778287</span>\n\t\t\t\t\t\t\t\t</span>"]},
{"date": ["<span class=\"pdingleft10 brlefte5\">\n\t\t\t        \t\t\t\t\t\t\t        \t\t\t\t\tДобавлено: в\t\t\t        \t\t\t\t\t\t\t\t        \t\t\t14:57, 13 апреля 2019, <span class=\"nowrap\">Номер объявления: 590482005</span>\n\t\t\t\t\t\t\t\t</span>"]},
{"date": ["<span class=\"pdingleft10 brlefte5\">\n\t\t\t        \t\t\t\t\t\t\t        \t\t\t\t\tДобавлено: в\t\t\t        \t\t\t\t\t\t\t\t        \t\t\t16:11, 13 апреля 2019, <span class=\"nowrap\">Номер объявления: 589983172</span>\n\t\t\t\t\t\t\t\t</span>"]},
{"date": ["<span class=\"pdingleft10 brlefte5\">\n\t\t\t        \t\t\t\t\t\t\t        \t\t\t\t\tДобавлено: в\t\t\t        \t\t\t\t\t\t\t\t        \t\t\t10:21, 3 апреля 2019, <span class=\"nowrap\">Номер объявления: 588822986</span>\n\t\t\t\t\t\t\t\t</span>"]},
{"date": ["<span class=\"pdingleft10 brlefte5\">\n\t\t\t        \t\t\t\t\t\t\t        \t\t\t\t\tДобавлено: в\t\t\t        \t\t\t\t\t\t\t\t        \t\t\t16:41, 11 апреля 2019, <span class=\"nowrap\">Номер объявления: 590196780</span>\n\t\t\t\t\t\t\t\t</span>"]},
{"date": ["<span class=\"pdingleft10 brlefte5\">\n\t\t\t        \t\t\t\t\t\t\t        \t\t\t\t\tДобавлено: в\t\t\t        \t\t\t\t\t\t\t\t        \t\t\t17:49, 13 апреля 2019, <span class=\"nowrap\">Номер объявления: 545794468</span>\n\t\t\t\t\t\t\t\t</span>"]},
{"date": ["<span class=\"pdingleft10 brlefte5\">\n\t\t\t        \t\t\t\t\t\t\t        \t\t\t\t\tДобавлено: в\t\t\t        \t\t\t\t\t\t\t\t        \t\t\t16:43, 4 апреля 2019, <span class=\"nowrap\">Номер объявления: 589084291</span>\n\t\t\t\t\t\t\t\t</span>"]},
{"date": ["<span class=\"pdingleft10 brlefte5\">\n\t\t\t        \t\t\t\t\t\t\t        \t\t\t\t\tДобавлено: в\t\t\t        \t\t\t\t\t\t\t\t        \t\t\t18:42, 7 апреля 2019, <span class=\"nowrap\">Номер объявления: 392913246</span>\n\t\t\t\t\t\t\t\t</span>"]},
{"date": ["<span class=\"pdingleft10 brlefte5\">\n\t\t\t        \t\t\t\t\t\t\t        \t\t\t\t\t<i data-icon=\"mobile\"></i>\n\t\t\t        \t\t\t\t\t\t\t\t        \t\t\t\t\t\t<a class=\"link mobile\" href=\"https://www.olx.ua/mobileapps/\" target=\"_blank\"><span>Опубликовано с мобильного</span></a> в\t\t\t        \t\t\t\t\t\t\t\t        \t\t\t\t\t\t\t\t        \t\t\t17:22, 29 марта 2019, <span class=\"nowrap\">Номер объявления: 582400520</span>\n\t\t\t\t\t\t\t\t</span>"]},
{"date": ["<span class=\"pdingleft10 brlefte5\">\n\t\t\t        \t\t\t\t\t\t\t        \t\t\t\t\tДобавлено: в\t\t\t        \t\t\t\t\t\t\t\t        \t\t\t19:11, 7 апреля 2019, <span class=\"nowrap\">Номер объявления: 581128704</span>\n\t\t\t\t\t\t\t\t</span>"]},
{"date": ["<span class=\"pdingleft10 brlefte5\">\n\t\t\t        \t\t\t\t\t\t\t        \t\t\t\t\t<i data-icon=\"mobile\"></i>\n\t\t\t        \t\t\t\t\t\t\t\t        \t\t\t\t\t\t<a class=\"link mobile\" href=\"https://www.olx.ua/mobileapps/\" target=\"_blank\"><span>Опубликовано с мобильного</span></a> в\t\t\t        \t\t\t\t\t\t\t\t        \t\t\t\t\t\t\t\t        \t\t\t21:45, 9 апреля 2019, <span class=\"nowrap\">Номер объявления: 589878688</span>\n\t\t\t\t\t\t\t\t</span>"]},
{"date": ["<span class=\"pdingleft10 brlefte5\">\n\t\t\t        \t\t\t\t\t\t\t        \t\t\t\t\tДобавлено: в\t\t\t        \t\t\t\t\t\t\t\t        \t\t\t10:22, 12 апреля 2019, <span class=\"nowrap\">Номер объявления: 569873455</span>\n\t\t\t\t\t\t\t\t</span>"]},
{"date": ["<span class=\"pdingleft10 brlefte5\">\n\t\t\t        \t\t\t\t\t\t\t        \t\t\t\t\tДобавлено: в\t\t\t        \t\t\t\t\t\t\t\t        \t\t\t09:29, 12 апреля 2019, <span class=\"nowrap\">Номер объявления: 580456429</span>\n\t\t\t\t\t\t\t\t</span>"]},
{"date": ["<span class=\"pdingleft10 brlefte5\">\n\t\t\t        \t\t\t\t\t\t\t        \t\t\t\t\t<i data-icon=\"mobile\"></i>\n\t\t\t        \t\t\t\t\t\t\t\t        \t\t\t\t\t\t<a class=\"link mobile\" href=\"https://www.olx.ua/mobileapps/\" target=\"_blank\"><span>Опубликовано с мобильного</span></a> в\t\t\t        \t\t\t\t\t\t\t\t        \t\t\t\t\t\t\t\t        \t\t\t17:43, 9 апреля 2019, <span class=\"nowrap\">Номер объявления: 584126685</span>\n\t\t\t\t\t\t\t\t</span>"]},
{"date": ["<span class=\"pdingleft10 brlefte5\">\n\t\t\t        \t\t\t\t\t\t\t        \t\t\t\t\tДобавлено: в\t\t\t        \t\t\t\t\t\t\t\t        \t\t\t09:05, 5 апреля 2019, <span class=\"nowrap\">Номер объявления: 584124117</span>\n\t\t\t\t\t\t\t\t</span>"]},
{"date": ["<span class=\"pdingleft10 brlefte5\">\n\t\t\t        \t\t\t\t\t\t\t        \t\t\t\t\tДобавлено: в\t\t\t        \t\t\t\t\t\t\t\t        \t\t\t09:56, 10 апреля 2019, <span class=\"nowrap\">Номер объявления: 532932886</span>\n\t\t\t\t\t\t\t\t</span>"]},
{"date": ["<span class=\"pdingleft10 brlefte5\">\n\t\t\t        \t\t\t\t\t\t\t        \t\t\t\t\tДобавлено: в\t\t\t        \t\t\t\t\t\t\t\t        \t\t\t09:09, 12 апреля 2019, <span class=\"nowrap\">Номер объявления: 590270319</span>\n\t\t\t\t\t\t\t\t</span>"]},
{"date": ["<span class=\"pdingleft10 brlefte5\">\n\t\t\t        \t\t\t\t\t\t\t        \t\t\t\t\tДобавлено: в\t\t\t        \t\t\t\t\t\t\t\t        \t\t\t10:03, 12 апреля 2019, <span class=\"nowrap\">Номер объявления: 590283300</span>\n\t\t\t\t\t\t\t\t</span>"]},
{"date": ["<span class=\"pdingleft10 brlefte5\">\n\t\t\t        \t\t\t\t\t\t\t        \t\t\t\t\tДобавлено: в\t\t\t        \t\t\t\t\t\t\t\t        \t\t\t09:14, 12 апреля 2019, <span class=\"nowrap\">Номер объявления: 590276916</span>\n\t\t\t\t\t\t\t\t</span>"]},
{"date": ["<span class=\"pdingleft10 brlefte5\">\n\t\t\t        \t\t\t\t\t\t\t        \t\t\t\t\tДобавлено: в\t\t\t        \t\t\t\t\t\t\t\t        \t\t\t10:58, 12 апреля 2019, <span class=\"nowrap\">Номер объявления: 590206122</span>\n\t\t\t\t\t\t\t\t</span>"]},
{"date": ["<span class=\"pdingleft10 brlefte5\">\n\t\t\t        \t\t\t\t\t\t\t        \t\t\t\t\tДобавлено: в\t\t\t        \t\t\t\t\t\t\t\t        \t\t\t10:25, 18 марта 2019, <span class=\"nowrap\">Номер объявления: 580726409</span>\n\t\t\t\t\t\t\t\t</span>"]},
{"date": ["<span class=\"pdingleft10 brlefte5\">\n\t\t\t        \t\t\t\t\t\t\t        \t\t\t\t\tДобавлено: в\t\t\t        \t\t\t\t\t\t\t\t        \t\t\t15:00, 26 марта 2019, <span class=\"nowrap\">Номер объявления: 587569595</span>\n\t\t\t\t\t\t\t\t</span>"]},
{"date": ["<span class=\"pdingleft10 brlefte5\">\n\t\t\t        \t\t\t\t\t\t\t        \t\t\t\t\tДобавлено: в\t\t\t        \t\t\t\t\t\t\t\t        \t\t\t11:04, 18 марта 2019, <span class=\"nowrap\">Номер объявления: 586114556</span>\n\t\t\t\t\t\t\t\t</span>"]},
{"date": ["<span class=\"pdingleft10 brlefte5\">\n\t\t\t        \t\t\t\t\t\t\t        \t\t\t\t\tДобавлено: в\t\t\t        \t\t\t\t\t\t\t\t        \t\t\t14:35, 7 апреля 2019, <span class=\"nowrap\">Номер объявления: 589502281</span>\n\t\t\t\t\t\t\t\t</span>"]},
{"date": ["<span class=\"pdingleft10 brlefte5\">\n\t\t\t        \t\t\t\t\t\t\t        \t\t\t\t\tДобавлено: в\t\t\t        \t\t\t\t\t\t\t\t        \t\t\t11:50, 1 апреля 2019, <span class=\"nowrap\">Номер объявления: 588377148</span>\n\t\t\t\t\t\t\t\t</span>"]},
{"date": ["<span class=\"pdingleft10 brlefte5\">\n\t\t\t        \t\t\t\t\t\t\t        \t\t\t\t\tДобавлено: в\t\t\t        \t\t\t\t\t\t\t\t        \t\t\t10:10, 1 апреля 2019, <span class=\"nowrap\">Номер объявления: 547967016</span>\n\t\t\t\t\t\t\t\t</span>"]},
{"date": ["<span class=\"pdingleft10 brlefte5\">\n\t\t\t        \t\t\t\t\t\t\t        \t\t\t\t\tДобавлено: в\t\t\t        \t\t\t\t\t\t\t\t        \t\t\t11:01, 25 марта 2019, <span class=\"nowrap\">Номер объявления: 587336360</span>\n\t\t\t\t\t\t\t\t</span>"]},
{"date": ["<span class=\"pdingleft10 brlefte5\">\n\t\t\t        \t\t\t\t\t\t\t        \t\t\t\t\tДобавлено: в\t\t\t        \t\t\t\t\t\t\t\t        \t\t\t12:57, 12 апреля 2019, <span class=\"nowrap\">Номер объявления: 588315640</span>\n\t\t\t\t\t\t\t\t</span>"]},
{"date": ["<span class=\"pdingleft10 brlefte5\">\n\t\t\t        \t\t\t\t\t\t\t        \t\t\t\t\tДобавлено: в\t\t\t        \t\t\t\t\t\t\t\t        \t\t\t12:15, 12 апреля 2019, <span class=\"nowrap\">Номер объявления: 590306281</span>\n\t\t\t\t\t\t\t\t</span>"]},
{"date": ["<span class=\"pdingleft10 brlefte5\">\n\t\t\t        \t\t\t\t\t\t\t        \t\t\t\t\tДобавлено: в\t\t\t        \t\t\t\t\t\t\t\t        \t\t\t10:04, 10 апреля 2019, <span class=\"nowrap\">Номер объявления: 527437004</span>\n\t\t\t\t\t\t\t\t</span>"]},
{"date": ["<span class=\"pdingleft10 brlefte5\">\n\t\t\t        \t\t\t\t\t\t\t        \t\t\t\t\tДобавлено: в\t\t\t        \t\t\t\t\t\t\t\t        \t\t\t14:41, 5 апреля 2019, <span class=\"nowrap\">Номер объявления: 589220870</span>\n\t\t\t\t\t\t\t\t</span>"]},
{"date": ["<span class=\"pdingleft10 brlefte5\">\n\t\t\t        \t\t\t\t\t\t\t        \t\t\t\t\tДобавлено: в\t\t\t        \t\t\t\t\t\t\t\t        \t\t\t15:09, 12 апреля 2019, <span class=\"nowrap\">Номер объявления: 590337487</span>\n\t\t\t\t\t\t\t\t</span>"]},
{"date": ["<span class=\"pdingleft10 brlefte5\">\n\t\t\t        \t\t\t\t\t\t\t        \t\t\t\t\tДобавлено: в\t\t\t        \t\t\t\t\t\t\t\t        \t\t\t15:32, 6 апреля 2019, <span class=\"nowrap\">Номер объявления: 567452948</span>\n\t\t\t\t\t\t\t\t</span>"]},
{"date": ["<span class=\"pdingleft10 brlefte5\">\n\t\t\t        \t\t\t\t\t\t\t        \t\t\t\t\tДобавлено: в\t\t\t        \t\t\t\t\t\t\t\t        \t\t\t15:31, 12 апреля 2019, <span class=\"nowrap\">Номер объявления: 590341666</span>\n\t\t\t\t\t\t\t\t</span>"]},
{"date": ["<span class=\"pdingleft10 brlefte5\">\n\t\t\t        \t\t\t\t\t\t\t        \t\t\t\t\tДобавлено: в\t\t\t        \t\t\t\t\t\t\t\t        \t\t\t17:01, 23 марта 2019, <span class=\"nowrap\">Номер объявления: 581859274</span>\n\t\t\t\t\t\t\t\t</span>"]},
{"date": ["<span class=\"pdingleft10 brlefte5\">\n\t\t\t        \t\t\t\t\t\t\t        \t\t\t\t\tДобавлено: в\t\t\t        \t\t\t\t\t\t\t\t        \t\t\t14:38, 10 апреля 2019, <span class=\"nowrap\">Номер объявления: 549675118</span>\n\t\t\t\t\t\t\t\t</span>"]},
{"date": ["<span class=\"pdingleft10 brlefte5\">\n\t\t\t        \t\t\t\t\t\t\t        \t\t\t\t\tДобавлено: в\t\t\t        \t\t\t\t\t\t\t\t        \t\t\t16:40, 4 апреля 2019, <span class=\"nowrap\">Номер объявления: 535965898</span>\n\t\t\t\t\t\t\t\t</span>"]},
{"date": ["<span class=\"pdingleft10 brlefte5\">\n\t\t\t        \t\t\t\t\t\t\t        \t\t\t\t\tДобавлено: в\t\t\t        \t\t\t\t\t\t\t\t        \t\t\t14:42, 10 апреля 2019, <span class=\"nowrap\">Номер объявления: 537650836</span>\n\t\t\t\t\t\t\t\t</span>"]},
{"date": ["<span class=\"pdingleft10 brlefte5\">\n\t\t\t        \t\t\t\t\t\t\t        \t\t\t\t\tДобавлено: в\t\t\t        \t\t\t\t\t\t\t\t        \t\t\t07:37, 11 апреля 2019, <span class=\"nowrap\">Номер объявления: 549003501</span>\n\t\t\t\t\t\t\t\t</span>"]},
{"date": ["<span class=\"pdingleft10 brlefte5\">\n\t\t\t        \t\t\t\t\t\t\t        \t\t\t\t\tДобавлено: в\t\t\t        \t\t\t\t\t\t\t\t        \t\t\t17:00, 4 апреля 2019, <span class=\"nowrap\">Номер объявления: 589086172</span>\n\t\t\t\t\t\t\t\t</span>"]},
{"date": ["<span class=\"pdingleft10 brlefte5\">\n\t\t\t        \t\t\t\t\t\t\t        \t\t\t\t\t<i data-icon=\"mobile\"></i>\n\t\t\t        \t\t\t\t\t\t\t\t        \t\t\t\t\t\t<a class=\"link mobile\" href=\"https://www.olx.ua/mobileapps/\" target=\"_blank\"><span>Опубликовано с мобильного</span></a> в\t\t\t        \t\t\t\t\t\t\t\t        \t\t\t\t\t\t\t\t        \t\t\t14:37, 10 апреля 2019, <span class=\"nowrap\">Номер объявления: 590005459</span>\n\t\t\t\t\t\t\t\t</span>"]},
{"date": ["<span class=\"pdingleft10 brlefte5\">\n\t\t\t        \t\t\t\t\t\t\t        \t\t\t\t\tДобавлено: в\t\t\t        \t\t\t\t\t\t\t\t        \t\t\t09:04, 11 апреля 2019, <span class=\"nowrap\">Номер объявления: 590106695</span>\n\t\t\t\t\t\t\t\t</span>"]},
{"date": ["<span class=\"pdingleft10 brlefte5\">\n\t\t\t        \t\t\t\t\t\t\t        \t\t\t\t\tДобавлено: в\t\t\t        \t\t\t\t\t\t\t\t        \t\t\t13:26, 26 марта 2019, <span class=\"nowrap\">Номер объявления: 587548831</span>\n\t\t\t\t\t\t\t\t</span>"]},
{"date": ["<span class=\"pdingleft10 brlefte5\">\n\t\t\t        \t\t\t\t\t\t\t        \t\t\t\t\t<i data-icon=\"mobile\"></i>\n\t\t\t        \t\t\t\t\t\t\t\t        \t\t\t\t\t\t<a class=\"link mobile\" href=\"https://www.olx.ua/mobileapps/\" target=\"_blank\"><span>Опубликовано с мобильного</span></a> в\t\t\t        \t\t\t\t\t\t\t\t        \t\t\t\t\t\t\t\t        \t\t\t10:50, 27 марта 2019, <span class=\"nowrap\">Номер объявления: 581885946</span>\n\t\t\t\t\t\t\t\t</span>"]},
{"date": ["<span class=\"pdingleft10 brlefte5\">\n\t\t\t        \t\t\t\t\t\t\t        \t\t\t\t\tДобавлено: в\t\t\t        \t\t\t\t\t\t\t\t        \t\t\t11:37, 22 марта 2019, <span class=\"nowrap\">Номер объявления: 574181027</span>\n\t\t\t\t\t\t\t\t</span>"]},
{"date": ["<span class=\"pdingleft10 brlefte5\">\n\t\t\t        \t\t\t\t\t\t\t        \t\t\t\t\tДобавлено: в\t\t\t        \t\t\t\t\t\t\t\t        \t\t\t12:56, 5 апреля 2019, <span class=\"nowrap\">Номер объявления: 586156671</span>\n\t\t\t\t\t\t\t\t</span>"]},
{"date": ["<span class=\"pdingleft10 brlefte5\">\n\t\t\t        \t\t\t\t\t\t\t        \t\t\t\t\tДобавлено: в\t\t\t        \t\t\t\t\t\t\t\t        \t\t\t11:03, 4 апреля 2019, <span class=\"nowrap\">Номер объявления: 566899982</span>\n\t\t\t\t\t\t\t\t</span>"]},
{"date": ["<span class=\"pdingleft10 brlefte5\">\n\t\t\t        \t\t\t\t\t\t\t        \t\t\t\t\tДобавлено: в\t\t\t        \t\t\t\t\t\t\t\t        \t\t\t10:39, 19 марта 2019, <span class=\"nowrap\">Номер объявления: 586295066</span>\n\t\t\t\t\t\t\t\t</span>"]},
{"date": ["<span class=\"pdingleft10 brlefte5\">\n\t\t\t        \t\t\t\t\t\t\t        \t\t\t\t\tДобавлено: в\t\t\t        \t\t\t\t\t\t\t\t        \t\t\t14:44, 1 апреля 2019, <span class=\"nowrap\">Номер объявления: 572445862</span>\n\t\t\t\t\t\t\t\t</span>"]},
{"date": ["<span class=\"pdingleft10 brlefte5\">\n\t\t\t        \t\t\t\t\t\t\t        \t\t\t\t\tДобавлено: в\t\t\t        \t\t\t\t\t\t\t\t        \t\t\t11:36, 23 марта 2019, <span class=\"nowrap\">Номер объявления: 587001677</span>\n\t\t\t\t\t\t\t\t</span>"]},
{"date": ["<span class=\"pdingleft10 brlefte5\">\n\t\t\t        \t\t\t\t\t\t\t        \t\t\t\t\tДобавлено: в\t\t\t        \t\t\t\t\t\t\t\t        \t\t\t16:01, 20 марта 2019, <span class=\"nowrap\">Номер объявления: 586541539</span>\n\t\t\t\t\t\t\t\t</span>"]},
{"date": ["<span class=\"pdingleft10 brlefte5\">\n\t\t\t        \t\t\t\t\t\t\t        \t\t\t\t\tДобавлено: в\t\t\t        \t\t\t\t\t\t\t\t        \t\t\t13:10, 11 апреля 2019, <span class=\"nowrap\">Номер объявления: 569858044</span>\n\t\t\t\t\t\t\t\t</span>"]},
{"date": ["<span class=\"pdingleft10 brlefte5\">\n\t\t\t        \t\t\t\t\t\t\t        \t\t\t\t\tДобавлено: в\t\t\t        \t\t\t\t\t\t\t\t        \t\t\t11:46, 8 апреля 2019, <span class=\"nowrap\">Номер объявления: 559523209</span>\n\t\t\t\t\t\t\t\t</span>"]},
{"date": ["<span class=\"pdingleft10 brlefte5\">\n\t\t\t        \t\t\t\t\t\t\t        \t\t\t\t\t<i data-icon=\"mobile\"></i>\n\t\t\t        \t\t\t\t\t\t\t\t        \t\t\t\t\t\t<a class=\"link mobile\" href=\"https://www.olx.ua/mobileapps/\" target=\"_blank\"><span>Опубликовано с мобильного</span></a> в\t\t\t        \t\t\t\t\t\t\t\t        \t\t\t\t\t\t\t\t        \t\t\t14:05, 7 апреля 2019, <span class=\"nowrap\">Номер объявления: 549129249</span>\n\t\t\t\t\t\t\t\t</span>"]},
{"date": ["<span class=\"pdingleft10 brlefte5\">\n\t\t\t        \t\t\t\t\t\t\t        \t\t\t\t\tДобавлено: в\t\t\t        \t\t\t\t\t\t\t\t        \t\t\t13:14, 11 апреля 2019, <span class=\"nowrap\">Номер объявления: 569861898</span>\n\t\t\t\t\t\t\t\t</span>"]},
{"date": ["<span class=\"pdingleft10 brlefte5\">\n\t\t\t        \t\t\t\t\t\t\t        \t\t\t\t\tДобавлено: в\t\t\t        \t\t\t\t\t\t\t\t        \t\t\t11:03, 9 апреля 2019, <span class=\"nowrap\">Номер объявления: 589794679</span>\n\t\t\t\t\t\t\t\t</span>"]},
{"date": ["<span class=\"pdingleft10 brlefte5\">\n\t\t\t        \t\t\t\t\t\t\t        \t\t\t\t\tДобавлено: в\t\t\t        \t\t\t\t\t\t\t\t        \t\t\t13:55, 11 апреля 2019, <span class=\"nowrap\">Номер объявления: 590165124</span>\n\t\t\t\t\t\t\t\t</span>"]},
{"date": ["<span class=\"pdingleft10 brlefte5\">\n\t\t\t        \t\t\t\t\t\t\t        \t\t\t\t\tДобавлено: в\t\t\t        \t\t\t\t\t\t\t\t        \t\t\t14:44, 21 марта 2019, <span class=\"nowrap\">Номер объявления: 558065869</span>\n\t\t\t\t\t\t\t\t</span>"]},
{"date": ["<span class=\"pdingleft10 brlefte5\">\n\t\t\t        \t\t\t\t\t\t\t        \t\t\t\t\tДобавлено: в\t\t\t        \t\t\t\t\t\t\t\t        \t\t\t13:52, 11 апреля 2019, <span class=\"nowrap\">Номер объявления: 590164629</span>\n\t\t\t\t\t\t\t\t</span>"]},
{"date": ["<span class=\"pdingleft10 brlefte5\">\n\t\t\t        \t\t\t\t\t\t\t        \t\t\t\t\tДобавлено: в\t\t\t        \t\t\t\t\t\t\t\t        \t\t\t17:18, 26 марта 2019, <span class=\"nowrap\">Номер объявления: 570636385</span>\n\t\t\t\t\t\t\t\t</span>"]},
{"date": ["<span class=\"pdingleft10 brlefte5\">\n\t\t\t        \t\t\t\t\t\t\t        \t\t\t\t\t<i data-icon=\"mobile\"></i>\n\t\t\t        \t\t\t\t\t\t\t\t        \t\t\t\t\t\t<a class=\"link mobile\" href=\"https://www.olx.ua/mobileapps/\" target=\"_blank\"><span>Опубликовано с мобильного</span></a> в\t\t\t        \t\t\t\t\t\t\t\t        \t\t\t\t\t\t\t\t        \t\t\t15:43, 11 апреля 2019, <span class=\"nowrap\">Номер объявления: 590185331</span>\n\t\t\t\t\t\t\t\t</span>"]},
{"date": ["<span class=\"pdingleft10 brlefte5\">\n\t\t\t        \t\t\t\t\t\t\t        \t\t\t\t\tДобавлено: в\t\t\t        \t\t\t\t\t\t\t\t        \t\t\t14:58, 8 апреля 2019, <span class=\"nowrap\">Номер объявления: 589667674</span>\n\t\t\t\t\t\t\t\t</span>"]},
{"date": ["<span class=\"pdingleft10 brlefte5\">\n\t\t\t        \t\t\t\t\t\t\t        \t\t\t\t\tДобавлено: в\t\t\t        \t\t\t\t\t\t\t\t        \t\t\t07:12, 3 апреля 2019, <span class=\"nowrap\">Номер объявления: 493095188</span>\n\t\t\t\t\t\t\t\t</span>"]},
{"date": ["<span class=\"pdingleft10 brlefte5\">\n\t\t\t        \t\t\t\t\t\t\t        \t\t\t\t\tДобавлено: в\t\t\t        \t\t\t\t\t\t\t\t        \t\t\t14:05, 1 апреля 2019, <span class=\"nowrap\">Номер объявления: 588522200</span>\n\t\t\t\t\t\t\t\t</span>"]},
{"date": ["<span class=\"pdingleft10 brlefte5\">\n\t\t\t        \t\t\t\t\t\t\t        \t\t\t\t\tДобавлено: в\t\t\t        \t\t\t\t\t\t\t\t        \t\t\t09:21, 26 марта 2019, <span class=\"nowrap\">Номер объявления: 566264974</span>\n\t\t\t\t\t\t\t\t</span>"]},
{"date": ["<span class=\"pdingleft10 brlefte5\">\n\t\t\t        \t\t\t\t\t\t\t        \t\t\t\t\t<i data-icon=\"mobile\"></i>\n\t\t\t        \t\t\t\t\t\t\t\t        \t\t\t\t\t\t<a class=\"link mobile\" href=\"https://www.olx.ua/mobileapps/\" target=\"_blank\"><span>Опубликовано с мобильного</span></a> в\t\t\t        \t\t\t\t\t\t\t\t        \t\t\t\t\t\t\t\t        \t\t\t12:31, 1 апреля 2019, <span class=\"nowrap\">Номер объявления: 582753317</span>\n\t\t\t\t\t\t\t\t</span>"]},
{"date": ["<span class=\"pdingleft10 brlefte5\">\n\t\t\t        \t\t\t\t\t\t\t        \t\t\t\t\tДобавлено: в\t\t\t        \t\t\t\t\t\t\t\t        \t\t\t17:40, 25 марта 2019, <span class=\"nowrap\">Номер объявления: 587418785</span>\n\t\t\t\t\t\t\t\t</span>"]},
{"date": ["<span class=\"pdingleft10 brlefte5\">\n\t\t\t        \t\t\t\t\t\t\t        \t\t\t\t\tДобавлено: в\t\t\t        \t\t\t\t\t\t\t\t        \t\t\t18:26, 8 апреля 2019, <span class=\"nowrap\">Номер объявления: 589709761</span>\n\t\t\t\t\t\t\t\t</span>"]},
{"date": ["<span class=\"pdingleft10 brlefte5\">\n\t\t\t        \t\t\t\t\t\t\t        \t\t\t\t\tДобавлено: в\t\t\t        \t\t\t\t\t\t\t\t        \t\t\t16:34, 25 марта 2019, <span class=\"nowrap\">Номер объявления: 587407494</span>\n\t\t\t\t\t\t\t\t</span>"]},
{"date": ["<span class=\"pdingleft10 brlefte5\">\n\t\t\t        \t\t\t\t\t\t\t        \t\t\t\t\tДобавлено: в\t\t\t        \t\t\t\t\t\t\t\t        \t\t\t07:41, 26 марта 2019, <span class=\"nowrap\">Номер объявления: 587490717</span>\n\t\t\t\t\t\t\t\t</span>"]},
{"date": ["<span class=\"pdingleft10 brlefte5\">\n\t\t\t        \t\t\t\t\t\t\t        \t\t\t\t\tДобавлено: в\t\t\t        \t\t\t\t\t\t\t\t        \t\t\t15:58, 25 марта 2019, <span class=\"nowrap\">Номер объявления: 587400099</span>\n\t\t\t\t\t\t\t\t</span>"]},
{"date": ["<span class=\"pdingleft10 brlefte5\">\n\t\t\t        \t\t\t\t\t\t\t        \t\t\t\t\tДобавлено: в\t\t\t        \t\t\t\t\t\t\t\t        \t\t\t07:44, 9 апреля 2019, <span class=\"nowrap\">Номер объявления: 576849577</span>\n\t\t\t\t\t\t\t\t</span>"]},
{"date": ["<span class=\"pdingleft10 brlefte5\">\n\t\t\t        \t\t\t\t\t\t\t        \t\t\t\t\tДобавлено: в\t\t\t        \t\t\t\t\t\t\t\t        \t\t\t22:27, 8 апреля 2019, <span class=\"nowrap\">Номер объявления: 589750703</span>\n\t\t\t\t\t\t\t\t</span>"]},
{"date": ["<span class=\"pdingleft10 brlefte5\">\n\t\t\t        \t\t\t\t\t\t\t        \t\t\t\t\t<i data-icon=\"mobile\"></i>\n\t\t\t        \t\t\t\t\t\t\t\t        \t\t\t\t\t\t<a class=\"link mobile\" href=\"https://www.olx.ua/mobileapps/\" target=\"_blank\"><span>Опубликовано с мобильного</span></a> в\t\t\t        \t\t\t\t\t\t\t\t        \t\t\t\t\t\t\t\t        \t\t\t22:07, 14 марта 2019, <span class=\"nowrap\">Номер объявления: 564612257</span>\n\t\t\t\t\t\t\t\t</span>"]},
{"date": ["<span class=\"pdingleft10 brlefte5\">\n\t\t\t        \t\t\t\t\t\t\t        \t\t\t\t\tДобавлено: в\t\t\t        \t\t\t\t\t\t\t\t        \t\t\t11:29, 9 апреля 2019, <span class=\"nowrap\">Номер объявления: 589799765</span>\n\t\t\t\t\t\t\t\t</span>"]},
{"date": ["<span class=\"pdingleft10 brlefte5\">\n\t\t\t        \t\t\t\t\t\t\t        \t\t\t\t\tДобавлено: в\t\t\t        \t\t\t\t\t\t\t\t        \t\t\t11:36, 9 апреля 2019, <span class=\"nowrap\">Номер объявления: 550470733</span>\n\t\t\t\t\t\t\t\t</span>"]},
{"date": ["<span class=\"pdingleft10 brlefte5\">\n\t\t\t        \t\t\t\t\t\t\t        \t\t\t\t\tДобавлено: в\t\t\t        \t\t\t\t\t\t\t\t        \t\t\t08:58, 9 апреля 2019, <span class=\"nowrap\">Номер объявления: 589774571</span>\n\t\t\t\t\t\t\t\t</span>"]},
{"date": ["<span class=\"pdingleft10 brlefte5\">\n\t\t\t        \t\t\t\t\t\t\t        \t\t\t\t\tДобавлено: в\t\t\t        \t\t\t\t\t\t\t\t        \t\t\t09:46, 28 марта 2019, <span class=\"nowrap\">Номер объявления: 587869300</span>\n\t\t\t\t\t\t\t\t</span>"]},
{"date": ["<span class=\"pdingleft10 brlefte5\">\n\t\t\t        \t\t\t\t\t\t\t        \t\t\t\t\tДобавлено: в\t\t\t        \t\t\t\t\t\t\t\t        \t\t\t12:15, 27 марта 2019, <span class=\"nowrap\">Номер объявления: 564967305</span>\n\t\t\t\t\t\t\t\t</span>"]},
{"date": ["<span class=\"pdingleft10 brlefte5\">\n\t\t\t        \t\t\t\t\t\t\t        \t\t\t\t\tДобавлено: в\t\t\t        \t\t\t\t\t\t\t\t        \t\t\t13:05, 9 апреля 2019, <span class=\"nowrap\">Номер объявления: 589817577</span>\n\t\t\t\t\t\t\t\t</span>"]},
{"date": ["<span class=\"pdingleft10 brlefte5\">\n\t\t\t        \t\t\t\t\t\t\t        \t\t\t\t\tДобавлено: в\t\t\t        \t\t\t\t\t\t\t\t        \t\t\t15:24, 25 марта 2019, <span class=\"nowrap\">Номер объявления: 547836846</span>\n\t\t\t\t\t\t\t\t</span>"]},
{"date": ["<span class=\"pdingleft10 brlefte5\">\n\t\t\t        \t\t\t\t\t\t\t        \t\t\t\t\tДобавлено: в\t\t\t        \t\t\t\t\t\t\t\t        \t\t\t12:30, 23 марта 2019, <span class=\"nowrap\">Номер объявления: 587009952</span>\n\t\t\t\t\t\t\t\t</span>"]},
{"date": ["<span class=\"pdingleft10 brlefte5\">\n\t\t\t        \t\t\t\t\t\t\t        \t\t\t\t\tДобавлено: в\t\t\t        \t\t\t\t\t\t\t\t        \t\t\t10:36, 19 марта 2019, <span class=\"nowrap\">Номер объявления: 586293394</span>\n\t\t\t\t\t\t\t\t</span>"]},
{"date": ["<span class=\"pdingleft10 brlefte5\">\n\t\t\t        \t\t\t\t\t\t\t        \t\t\t\t\t<i data-icon=\"mobile\"></i>\n\t\t\t        \t\t\t\t\t\t\t\t        \t\t\t\t\t\t<a class=\"link mobile\" href=\"https://www.olx.ua/mobileapps/\" target=\"_blank\"><span>Опубликовано с мобильного</span></a> в\t\t\t        \t\t\t\t\t\t\t\t        \t\t\t\t\t\t\t\t        \t\t\t10:00, 28 марта 2019, <span class=\"nowrap\">Номер объявления: 581342224</span>\n\t\t\t\t\t\t\t\t</span>"]},
{"date": ["<span class=\"pdingleft10 brlefte5\">\n\t\t\t        \t\t\t\t\t\t\t        \t\t\t\t\tДобавлено: в\t\t\t        \t\t\t\t\t\t\t\t        \t\t\t12:31, 15 марта 2019, <span class=\"nowrap\">Номер объявления: 585617565</span>\n\t\t\t\t\t\t\t\t</span>"]},
{"date": ["<span class=\"pdingleft10 brlefte5\">\n\t\t\t        \t\t\t\t\t\t\t        \t\t\t\t\tДобавлено: в\t\t\t        \t\t\t\t\t\t\t\t        \t\t\t14:34, 3 апреля 2019, <span class=\"nowrap\">Номер объявления: 588833919</span>\n\t\t\t\t\t\t\t\t</span>"]},
{"date": ["<span class=\"pdingleft10 brlefte5\">\n\t\t\t        \t\t\t\t\t\t\t        \t\t\t\t\tДобавлено: в\t\t\t        \t\t\t\t\t\t\t\t        \t\t\t12:35, 3 апреля 2019, <span class=\"nowrap\">Номер объявления: 588857027</span>\n\t\t\t\t\t\t\t\t</span>"]},
{"date": ["<span class=\"pdingleft10 brlefte5\">\n\t\t\t        \t\t\t\t\t\t\t        \t\t\t\t\tДобавлено: в\t\t\t        \t\t\t\t\t\t\t\t        \t\t\t15:06, 28 марта 2019, <span class=\"nowrap\">Номер объявления: 587932752</span>\n\t\t\t\t\t\t\t\t</span>"]},
{"date": ["<span class=\"pdingleft10 brlefte5\">\n\t\t\t        \t\t\t\t\t\t\t        \t\t\t\t\tДобавлено: в\t\t\t        \t\t\t\t\t\t\t\t        \t\t\t17:52, 27 марта 2019, <span class=\"nowrap\">Номер объявления: 587788330</span>\n\t\t\t\t\t\t\t\t</span>"]},
{"date": ["<span class=\"pdingleft10 brlefte5\">\n\t\t\t        \t\t\t\t\t\t\t        \t\t\t\t\tДобавлено: в\t\t\t        \t\t\t\t\t\t\t\t        \t\t\t20:23, 3 апреля 2019, <span class=\"nowrap\">Номер объявления: 517921906</span>\n\t\t\t\t\t\t\t\t</span>"]},
{"date": ["<span class=\"pdingleft10 brlefte5\">\n\t\t\t        \t\t\t\t\t\t\t        \t\t\t\t\t<i data-icon=\"mobile\"></i>\n\t\t\t        \t\t\t\t\t\t\t\t        \t\t\t\t\t\t<a class=\"link mobile\" href=\"https://www.olx.ua/mobileapps/\" target=\"_blank\"><span>Опубликовано с мобильного</span></a> в\t\t\t        \t\t\t\t\t\t\t\t        \t\t\t\t\t\t\t\t        \t\t\t21:52, 3 апреля 2019, <span class=\"nowrap\">Номер объявления: 588965350</span>\n\t\t\t\t\t\t\t\t</span>"]},
{"date": ["<span class=\"pdingleft10 brlefte5\">\n\t\t\t        \t\t\t\t\t\t\t        \t\t\t\t\tДобавлено: в\t\t\t        \t\t\t\t\t\t\t\t        \t\t\t22:53, 3 апреля 2019, <span class=\"nowrap\">Номер объявления: 586793105</span>\n\t\t\t\t\t\t\t\t</span>"]},
{"date": ["<span class=\"pdingleft10 brlefte5\">\n\t\t\t        \t\t\t\t\t\t\t        \t\t\t\t\tДобавлено: в\t\t\t        \t\t\t\t\t\t\t\t        \t\t\t11:25, 4 апреля 2019, <span class=\"nowrap\">Номер объявления: 589020924</span>\n\t\t\t\t\t\t\t\t</span>"]},
{"date": ["<span class=\"pdingleft10 brlefte5\">\n\t\t\t        \t\t\t\t\t\t\t        \t\t\t\t\tДобавлено: в\t\t\t        \t\t\t\t\t\t\t\t        \t\t\t11:27, 18 марта 2019, <span class=\"nowrap\">Номер объявления: 570508970</span>\n\t\t\t\t\t\t\t\t</span>"]},
{"date": ["<span class=\"pdingleft10 brlefte5\">\n\t\t\t        \t\t\t\t\t\t\t        \t\t\t\t\tДобавлено: в\t\t\t        \t\t\t\t\t\t\t\t        \t\t\t12:36, 4 апреля 2019, <span class=\"nowrap\">Номер объявления: 589035260</span>\n\t\t\t\t\t\t\t\t</span>"]},
{"date": ["<span class=\"pdingleft10 brlefte5\">\n\t\t\t        \t\t\t\t\t\t\t        \t\t\t\t\tДобавлено: в\t\t\t        \t\t\t\t\t\t\t\t        \t\t\t23:27, 5 апреля 2019, <span class=\"nowrap\">Номер объявления: 589297265</span>\n\t\t\t\t\t\t\t\t</span>"]},
{"date": ["<span class=\"pdingleft10 brlefte5\">\n\t\t\t        \t\t\t\t\t\t\t        \t\t\t\t\t<i data-icon=\"mobile\"></i>\n\t\t\t        \t\t\t\t\t\t\t\t        \t\t\t\t\t\t<a class=\"link mobile\" href=\"https://www.olx.ua/mobileapps/\" target=\"_blank\"><span>Опубликовано с мобильного</span></a> в\t\t\t        \t\t\t\t\t\t\t\t        \t\t\t\t\t\t\t\t        \t\t\t11:53, 1 апреля 2019, <span class=\"nowrap\">Номер объявления: 588496340</span>\n\t\t\t\t\t\t\t\t</span>"]},
{"date": ["<span class=\"pdingleft10 brlefte5\">\n\t\t\t        \t\t\t\t\t\t\t        \t\t\t\t\tДобавлено: в\t\t\t        \t\t\t\t\t\t\t\t        \t\t\t15:00, 3 апреля 2019, <span class=\"nowrap\">Номер объявления: 588889341</span>\n\t\t\t\t\t\t\t\t</span>"]},
{"date": ["<span class=\"pdingleft10 brlefte5\">\n\t\t\t        \t\t\t\t\t\t\t        \t\t\t\t\tДобавлено: в\t\t\t        \t\t\t\t\t\t\t\t        \t\t\t14:58, 16 марта 2019, <span class=\"nowrap\">Номер объявления: 585805638</span>\n\t\t\t\t\t\t\t\t</span>"]},
{"date": ["<span class=\"pdingleft10 brlefte5\">\n\t\t\t        \t\t\t\t\t\t\t        \t\t\t\t\tДобавлено: в\t\t\t        \t\t\t\t\t\t\t\t        \t\t\t12:32, 5 апреля 2019, <span class=\"nowrap\">Номер объявления: 589012736</span>\n\t\t\t\t\t\t\t\t</span>"]},
{"date": ["<span class=\"pdingleft10 brlefte5\">\n\t\t\t        \t\t\t\t\t\t\t        \t\t\t\t\tДобавлено: в\t\t\t        \t\t\t\t\t\t\t\t        \t\t\t19:13, 20 марта 2019, <span class=\"nowrap\">Номер объявления: 586578704</span>\n\t\t\t\t\t\t\t\t</span>"]},
{"date": ["<span class=\"pdingleft10 brlefte5\">\n\t\t\t        \t\t\t\t\t\t\t        \t\t\t\t\tДобавлено: в\t\t\t        \t\t\t\t\t\t\t\t        \t\t\t11:20, 7 апреля 2019, <span class=\"nowrap\">Номер объявления: 578963147</span>\n\t\t\t\t\t\t\t\t</span>"]},
{"date": ["<span class=\"pdingleft10 brlefte5\">\n\t\t\t        \t\t\t\t\t\t\t        \t\t\t\t\t<i data-icon=\"mobile\"></i>\n\t\t\t        \t\t\t\t\t\t\t\t        \t\t\t\t\t\t<a class=\"link mobile\" href=\"https://www.olx.ua/mobileapps/\" target=\"_blank\"><span>Опубликовано с мобильного</span></a> в\t\t\t        \t\t\t\t\t\t\t\t        \t\t\t\t\t\t\t\t        \t\t\t16:32, 15 марта 2019, <span class=\"nowrap\">Номер объявления: 557630097</span>\n\t\t\t\t\t\t\t\t</span>"]},
{"date": ["<span class=\"pdingleft10 brlefte5\">\n\t\t\t        \t\t\t\t\t\t\t        \t\t\t\t\t<i data-icon=\"mobile\"></i>\n\t\t\t        \t\t\t\t\t\t\t\t        \t\t\t\t\t\t<a class=\"link mobile\" href=\"https://www.olx.ua/mobileapps/\" target=\"_blank\"><span>Опубликовано с мобильного</span></a> в\t\t\t        \t\t\t\t\t\t\t\t        \t\t\t\t\t\t\t\t        \t\t\t15:59, 7 апреля 2019, <span class=\"nowrap\">Номер объявления: 583832243</span>\n\t\t\t\t\t\t\t\t</span>"]},
{"date": ["<span class=\"pdingleft10 brlefte5\">\n\t\t\t        \t\t\t\t\t\t\t        \t\t\t\t\tДобавлено: в\t\t\t        \t\t\t\t\t\t\t\t        \t\t\t19:58, 3 апреля 2019, <span class=\"nowrap\">Номер объявления: 588946362</span>\n\t\t\t\t\t\t\t\t</span>"]},
{"date": ["<span class=\"pdingleft10 brlefte5\">\n\t\t\t        \t\t\t\t\t\t\t        \t\t\t\t\tДобавлено: в\t\t\t        \t\t\t\t\t\t\t\t        \t\t\t09:30, 8 апреля 2019, <span class=\"nowrap\">Номер объявления: 563420026</span>\n\t\t\t\t\t\t\t\t</span>"]},
{"date": ["<span class=\"pdingleft10 brlefte5\">\n\t\t\t        \t\t\t\t\t\t\t        \t\t\t\t\tДобавлено: в\t\t\t        \t\t\t\t\t\t\t\t        \t\t\t10:22, 1 апреля 2019, <span class=\"nowrap\">Номер объявления: 588481727</span>\n\t\t\t\t\t\t\t\t</span>"]},
{"date": ["<span class=\"pdingleft10 brlefte5\">\n\t\t\t        \t\t\t\t\t\t\t        \t\t\t\t\t<i data-icon=\"mobile\"></i>\n\t\t\t        \t\t\t\t\t\t\t\t        \t\t\t\t\t\t<a class=\"link mobile\" href=\"https://www.olx.ua/mobileapps/\" target=\"_blank\"><span>Опубликовано с мобильного</span></a> в\t\t\t        \t\t\t\t\t\t\t\t        \t\t\t\t\t\t\t\t        \t\t\t13:13, 29 марта 2019, <span class=\"nowrap\">Номер объявления: 588081165</span>\n\t\t\t\t\t\t\t\t</span>"]},
{"date": ["<span class=\"pdingleft10 brlefte5\">\n\t\t\t        \t\t\t\t\t\t\t        \t\t\t\t\tДобавлено: в\t\t\t        \t\t\t\t\t\t\t\t        \t\t\t14:01, 23 марта 2019, <span class=\"nowrap\">Номер объявления: 577109547</span>\n\t\t\t\t\t\t\t\t</span>"]},
{"date": ["<span class=\"pdingleft10 brlefte5\">\n\t\t\t        \t\t\t\t\t\t\t        \t\t\t\t\tДобавлено: в\t\t\t        \t\t\t\t\t\t\t\t        \t\t\t18:38, 29 марта 2019, <span class=\"nowrap\">Номер объявления: 577212539</span>\n\t\t\t\t\t\t\t\t</span>"]},
{"date": ["<span class=\"pdingleft10 brlefte5\">\n\t\t\t        \t\t\t\t\t\t\t        \t\t\t\t\tДобавлено: в\t\t\t        \t\t\t\t\t\t\t\t        \t\t\t15:17, 29 марта 2019, <span class=\"nowrap\">Номер объявления: 588105427</span>\n\t\t\t\t\t\t\t\t</span>"]},
{"date": ["<span class=\"pdingleft10 brlefte5\">\n\t\t\t        \t\t\t\t\t\t\t        \t\t\t\t\t<i data-icon=\"mobile\"></i>\n\t\t\t        \t\t\t\t\t\t\t\t        \t\t\t\t\t\t<a class=\"link mobile\" href=\"https://www.olx.ua/mobileapps/\" target=\"_blank\"><span>Опубликовано с мобильного</span></a> в\t\t\t        \t\t\t\t\t\t\t\t        \t\t\t\t\t\t\t\t        \t\t\t19:11, 23 марта 2019, <span class=\"nowrap\">Номер объявления: 587084037</span>\n\t\t\t\t\t\t\t\t</span>"]},
{"date": ["<span class=\"pdingleft10 brlefte5\">\n\t\t\t        \t\t\t\t\t\t\t        \t\t\t\t\tДобавлено: в\t\t\t        \t\t\t\t\t\t\t\t        \t\t\t03:07, 24 марта 2019, <span class=\"nowrap\">Номер объявления: 587128786</span>\n\t\t\t\t\t\t\t\t</span>"]},
{"date": ["<span class=\"pdingleft10 brlefte5\">\n\t\t\t        \t\t\t\t\t\t\t        \t\t\t\t\t<i data-icon=\"mobile\"></i>\n\t\t\t        \t\t\t\t\t\t\t\t        \t\t\t\t\t\t<a class=\"link mobile\" href=\"https://www.olx.ua/mobileapps/\" target=\"_blank\"><span>Опубликовано с мобильного</span></a> в\t\t\t        \t\t\t\t\t\t\t\t        \t\t\t\t\t\t\t\t        \t\t\t21:41, 29 марта 2019, <span class=\"nowrap\">Номер объявления: 555620153</span>\n\t\t\t\t\t\t\t\t</span>"]},
{"date": ["<span class=\"pdingleft10 brlefte5\">\n\t\t\t        \t\t\t\t\t\t\t        \t\t\t\t\t<i data-icon=\"mobile\"></i>\n\t\t\t        \t\t\t\t\t\t\t\t        \t\t\t\t\t\t<a class=\"link mobile\" href=\"https://www.olx.ua/mobileapps/\" target=\"_blank\"><span>Опубликовано с мобильного</span></a> в\t\t\t        \t\t\t\t\t\t\t\t        \t\t\t\t\t\t\t\t        \t\t\t21:57, 30 марта 2019, <span class=\"nowrap\">Номер объявления: 583891123</span>\n\t\t\t\t\t\t\t\t</span>"]},
{"date": ["<span class=\"pdingleft10 brlefte5\">\n\t\t\t        \t\t\t\t\t\t\t        \t\t\t\t\tДобавлено: в\t\t\t        \t\t\t\t\t\t\t\t        \t\t\t13:10, 25 марта 2019, <span class=\"nowrap\">Номер объявления: 550134469</span>\n\t\t\t\t\t\t\t\t</span>"]},
{"date": ["<span class=\"pdingleft10 brlefte5\">\n\t\t\t        \t\t\t\t\t\t\t        \t\t\t\t\tДобавлено: в\t\t\t        \t\t\t\t\t\t\t\t        \t\t\t19:13, 31 марта 2019, <span class=\"nowrap\">Номер объявления: 588422012</span>\n\t\t\t\t\t\t\t\t</span>"]},
{"date": ["<span class=\"pdingleft10 brlefte5\">\n\t\t\t        \t\t\t\t\t\t\t        \t\t\t\t\tДобавлено: в\t\t\t        \t\t\t\t\t\t\t\t        \t\t\t14:48, 25 марта 2019, <span class=\"nowrap\">Номер объявления: 587384355</span>\n\t\t\t\t\t\t\t\t</span>"]},
{"date": ["<span class=\"pdingleft10 brlefte5\">\n\t\t\t        \t\t\t\t\t\t\t        \t\t\t\t\tДобавлено: в\t\t\t        \t\t\t\t\t\t\t\t        \t\t\t08:19, 25 марта 2019, <span class=\"nowrap\">Номер объявления: 537000298</span>\n\t\t\t\t\t\t\t\t</span>"]},
{"date": ["<span class=\"pdingleft10 brlefte5\">\n\t\t\t        \t\t\t\t\t\t\t        \t\t\t\t\tДобавлено: в\t\t\t        \t\t\t\t\t\t\t\t        \t\t\t09:59, 1 апреля 2019, <span class=\"nowrap\">Номер объявления: 474596228</span>\n\t\t\t\t\t\t\t\t</span>"]},
{"date": ["<span class=\"pdingleft10 brlefte5\">\n\t\t\t        \t\t\t\t\t\t\t        \t\t\t\t\tДобавлено: в\t\t\t        \t\t\t\t\t\t\t\t        \t\t\t10:22, 1 апреля 2019, <span class=\"nowrap\">Номер объявления: 570204287</span>\n\t\t\t\t\t\t\t\t</span>"]},
{"date": ["<span class=\"pdingleft10 brlefte5\">\n\t\t\t        \t\t\t\t\t\t\t        \t\t\t\t\tДобавлено: в\t\t\t        \t\t\t\t\t\t\t\t        \t\t\t11:38, 26 марта 2019, <span class=\"nowrap\">Номер объявления: 587523405</span>\n\t\t\t\t\t\t\t\t</span>"]},
{"date": ["<span class=\"pdingleft10 brlefte5\">\n\t\t\t        \t\t\t\t\t\t\t        \t\t\t\t\t<i data-icon=\"mobile\"></i>\n\t\t\t        \t\t\t\t\t\t\t\t        \t\t\t\t\t\t<a class=\"link mobile\" href=\"https://www.olx.ua/mobileapps/\" target=\"_blank\"><span>Опубликовано с мобильного</span></a> в\t\t\t        \t\t\t\t\t\t\t\t        \t\t\t\t\t\t\t\t        \t\t\t13:28, 26 марта 2019, <span class=\"nowrap\">Номер объявления: 587549290</span>\n\t\t\t\t\t\t\t\t</span>"]},
{"date": ["<span class=\"pdingleft10 brlefte5\">\n\t\t\t        \t\t\t\t\t\t\t        \t\t\t\t\t<i data-icon=\"mobile\"></i>\n\t\t\t        \t\t\t\t\t\t\t\t        \t\t\t\t\t\t<a class=\"link mobile\" href=\"https://www.olx.ua/mobileapps/\" target=\"_blank\"><span>Опубликовано с мобильного</span></a> в\t\t\t        \t\t\t\t\t\t\t\t        \t\t\t\t\t\t\t\t        \t\t\t12:11, 20 марта 2019, <span class=\"nowrap\">Номер объявления: 581342227</span>\n\t\t\t\t\t\t\t\t</span>"]},
{"date": ["<span class=\"pdingleft10 brlefte5\">\n\t\t\t        \t\t\t\t\t\t\t        \t\t\t\t\tДобавлено: в\t\t\t        \t\t\t\t\t\t\t\t        \t\t\t15:26, 1 апреля 2019, <span class=\"nowrap\">Номер объявления: 535752364</span>\n\t\t\t\t\t\t\t\t</span>"]},
{"date": ["<span class=\"pdingleft10 brlefte5\">\n\t\t\t        \t\t\t\t\t\t\t        \t\t\t\t\tДобавлено: в\t\t\t        \t\t\t\t\t\t\t\t        \t\t\t16:32, 1 апреля 2019, <span class=\"nowrap\">Номер объявления: 549869776</span>\n\t\t\t\t\t\t\t\t</span>"]},
{"date": ["<span class=\"pdingleft10 brlefte5\">\n\t\t\t        \t\t\t\t\t\t\t        \t\t\t\t\tДобавлено: в\t\t\t        \t\t\t\t\t\t\t\t        \t\t\t17:44, 1 апреля 2019, <span class=\"nowrap\">Номер объявления: 569694833</span>\n\t\t\t\t\t\t\t\t</span>"]},
{"date": ["<span class=\"pdingleft10 brlefte5\">\n\t\t\t        \t\t\t\t\t\t\t        \t\t\t\t\tДобавлено: в\t\t\t        \t\t\t\t\t\t\t\t        \t\t\t16:10, 1 апреля 2019, <span class=\"nowrap\">Номер объявления: 556923258</span>\n\t\t\t\t\t\t\t\t</span>"]},
{"date": ["<span class=\"pdingleft10 brlefte5\">\n\t\t\t        \t\t\t\t\t\t\t        \t\t\t\t\tДобавлено: в\t\t\t        \t\t\t\t\t\t\t\t        \t\t\t19:06, 26 марта 2019, <span class=\"nowrap\">Номер объявления: 587616416</span>\n\t\t\t\t\t\t\t\t</span>"]},
{"date": ["<span class=\"pdingleft10 brlefte5\">\n\t\t\t        \t\t\t\t\t\t\t        \t\t\t\t\t<i data-icon=\"mobile\"></i>\n\t\t\t        \t\t\t\t\t\t\t\t        \t\t\t\t\t\t<a class=\"link mobile\" href=\"https://www.olx.ua/mobileapps/\" target=\"_blank\"><span>Опубликовано с мобильного</span></a> в\t\t\t        \t\t\t\t\t\t\t\t        \t\t\t\t\t\t\t\t        \t\t\t16:59, 23 марта 2019, <span class=\"nowrap\">Номер объявления: 587060011</span>\n\t\t\t\t\t\t\t\t</span>"]},
{"date": ["<span class=\"pdingleft10 brlefte5\">\n\t\t\t        \t\t\t\t\t\t\t        \t\t\t\t\tДобавлено: в\t\t\t        \t\t\t\t\t\t\t\t        \t\t\t14:17, 15 марта 2019, <span class=\"nowrap\">Номер объявления: 585638440</span>\n\t\t\t\t\t\t\t\t</span>"]},
{"date": ["<span class=\"pdingleft10 brlefte5\">\n\t\t\t        \t\t\t\t\t\t\t        \t\t\t\t\t<i data-icon=\"mobile\"></i>\n\t\t\t        \t\t\t\t\t\t\t\t        \t\t\t\t\t\t<a class=\"link mobile\" href=\"https://www.olx.ua/mobileapps/\" target=\"_blank\"><span>Опубликовано с мобильного</span></a> в\t\t\t        \t\t\t\t\t\t\t\t        \t\t\t\t\t\t\t\t        \t\t\t16:45, 21 марта 2019, <span class=\"nowrap\">Номер объявления: 580430625</span>\n\t\t\t\t\t\t\t\t</span>"]},
{"date": ["<span class=\"pdingleft10 brlefte5\">\n\t\t\t        \t\t\t\t\t\t\t        \t\t\t\t\tДобавлено: в\t\t\t        \t\t\t\t\t\t\t\t        \t\t\t08:47, 22 марта 2019, <span class=\"nowrap\">Номер объявления: 586810904</span>\n\t\t\t\t\t\t\t\t</span>"]},
{"date": ["<span class=\"pdingleft10 brlefte5\">\n\t\t\t        \t\t\t\t\t\t\t        \t\t\t\t\tДобавлено: в\t\t\t        \t\t\t\t\t\t\t\t        \t\t\t11:36, 23 марта 2019, <span class=\"nowrap\">Номер объявления: 587001018</span>\n\t\t\t\t\t\t\t\t</span>"]},
{"date": ["<span class=\"pdingleft10 brlefte5\">\n\t\t\t        \t\t\t\t\t\t\t        \t\t\t\t\tДобавлено: в\t\t\t        \t\t\t\t\t\t\t\t        \t\t\t10:26, 16 марта 2019, <span class=\"nowrap\">Номер объявления: 568764909</span>\n\t\t\t\t\t\t\t\t</span>"]},
{"date": ["<span class=\"pdingleft10 brlefte5\">\n\t\t\t        \t\t\t\t\t\t\t        \t\t\t\t\tДобавлено: в\t\t\t        \t\t\t\t\t\t\t\t        \t\t\t18:32, 16 марта 2019, <span class=\"nowrap\">Номер объявления: 585846634</span>\n\t\t\t\t\t\t\t\t</span>"]},
{"date": ["<span class=\"pdingleft10 brlefte5\">\n\t\t\t        \t\t\t\t\t\t\t        \t\t\t\t\t<i data-icon=\"mobile\"></i>\n\t\t\t        \t\t\t\t\t\t\t\t        \t\t\t\t\t\t<a class=\"link mobile\" href=\"https://www.olx.ua/mobileapps/\" target=\"_blank\"><span>Опубликовано с мобильного</span></a> в\t\t\t        \t\t\t\t\t\t\t\t        \t\t\t\t\t\t\t\t        \t\t\t19:07, 22 марта 2019, <span class=\"nowrap\">Номер объявления: 526408258</span>\n\t\t\t\t\t\t\t\t</span>"]},
{"date": ["<span class=\"pdingleft10 brlefte5\">\n\t\t\t        \t\t\t\t\t\t\t        \t\t\t\t\tДобавлено: в\t\t\t        \t\t\t\t\t\t\t\t        \t\t\t22:05, 16 марта 2019, <span class=\"nowrap\">Номер объявления: 585883553</span>\n\t\t\t\t\t\t\t\t</span>"]},
{"date": ["<span class=\"pdingleft10 brlefte5\">\n\t\t\t        \t\t\t\t\t\t\t        \t\t\t\t\tДобавлено: в\t\t\t        \t\t\t\t\t\t\t\t        \t\t\t10:57, 18 марта 2019, <span class=\"nowrap\">Номер объявления: 568971137</span>\n\t\t\t\t\t\t\t\t</span>"]},
{"date": ["<span class=\"pdingleft10 brlefte5\">\n\t\t\t        \t\t\t\t\t\t\t        \t\t\t\t\tДобавлено: в\t\t\t        \t\t\t\t\t\t\t\t        \t\t\t08:20, 17 марта 2019, <span class=\"nowrap\">Номер объявления: 524738660</span>\n\t\t\t\t\t\t\t\t</span>"]},
{"date": ["<span class=\"pdingleft10 brlefte5\">\n\t\t\t        \t\t\t\t\t\t\t        \t\t\t\t\tДобавлено: в\t\t\t        \t\t\t\t\t\t\t\t        \t\t\t13:17, 24 марта 2019, <span class=\"nowrap\">Номер объявления: 581735757</span>\n\t\t\t\t\t\t\t\t</span>"]},
{"date": ["<span class=\"pdingleft10 brlefte5\">\n\t\t\t        \t\t\t\t\t\t\t        \t\t\t\t\tДобавлено: в\t\t\t        \t\t\t\t\t\t\t\t        \t\t\t10:29, 23 марта 2019, <span class=\"nowrap\">Номер объявления: 447511246</span>\n\t\t\t\t\t\t\t\t</span>"]},
{"date": ["<span class=\"pdingleft10 brlefte5\">\n\t\t\t        \t\t\t\t\t\t\t        \t\t\t\t\tДобавлено: в\t\t\t        \t\t\t\t\t\t\t\t        \t\t\t14:22, 18 марта 2019, <span class=\"nowrap\">Номер объявления: 568593557</span>\n\t\t\t\t\t\t\t\t</span>"]},
{"date": ["<span class=\"pdingleft10 brlefte5\">\n\t\t\t        \t\t\t\t\t\t\t        \t\t\t\t\tДобавлено: в\t\t\t        \t\t\t\t\t\t\t\t        \t\t\t14:44, 24 марта 2019, <span class=\"nowrap\">Номер объявления: 481926908</span>\n\t\t\t\t\t\t\t\t</span>"]},
{"date": ["<span class=\"pdingleft10 brlefte5\">\n\t\t\t        \t\t\t\t\t\t\t        \t\t\t\t\tДобавлено: в\t\t\t        \t\t\t\t\t\t\t\t        \t\t\t10:18, 20 марта 2019, <span class=\"nowrap\">Номер объявления: 586472385</span>\n\t\t\t\t\t\t\t\t</span>"]},
{"date": ["<span class=\"pdingleft10 brlefte5\">\n\t\t\t        \t\t\t\t\t\t\t        \t\t\t\t\tДобавлено: в\t\t\t        \t\t\t\t\t\t\t\t        \t\t\t10:53, 25 марта 2019, <span class=\"nowrap\">Номер объявления: 579648022</span>\n\t\t\t\t\t\t\t\t</span>"]},
{"date": ["<span class=\"pdingleft10 brlefte5\">\n\t\t\t        \t\t\t\t\t\t\t        \t\t\t\t\tДобавлено: в\t\t\t        \t\t\t\t\t\t\t\t        \t\t\t13:04, 15 марта 2019, <span class=\"nowrap\">Номер объявления: 585623575</span>\n\t\t\t\t\t\t\t\t</span>"]},
{"date": ["<span class=\"pdingleft10 brlefte5\">\n\t\t\t        \t\t\t\t\t\t\t        \t\t\t\t\tДобавлено: в\t\t\t        \t\t\t\t\t\t\t\t        \t\t\t11:35, 25 марта 2019, <span class=\"nowrap\">Номер объявления: 587343191</span>\n\t\t\t\t\t\t\t\t</span>"]},
{"date": ["<span class=\"pdingleft10 brlefte5\">\n\t\t\t        \t\t\t\t\t\t\t        \t\t\t\t\tДобавлено: в\t\t\t        \t\t\t\t\t\t\t\t        \t\t\t15:48, 25 марта 2019, <span class=\"nowrap\">Номер объявления: 586367729</span>\n\t\t\t\t\t\t\t\t</span>"]},
{"date": ["<span class=\"pdingleft10 brlefte5\">\n\t\t\t        \t\t\t\t\t\t\t        \t\t\t\t\tДобавлено: в\t\t\t        \t\t\t\t\t\t\t\t        \t\t\t09:44, 26 марта 2019, <span class=\"nowrap\">Номер объявления: 587503048</span>\n\t\t\t\t\t\t\t\t</span>"]},
{"date": ["<span class=\"pdingleft10 brlefte5\">\n\t\t\t        \t\t\t\t\t\t\t        \t\t\t\t\tДобавлено: в\t\t\t        \t\t\t\t\t\t\t\t        \t\t\t14:53, 26 марта 2019, <span class=\"nowrap\">Номер объявления: 439066088</span>\n\t\t\t\t\t\t\t\t</span>"]},
{"date": ["<span class=\"pdingleft10 brlefte5\">\n\t\t\t        \t\t\t\t\t\t\t        \t\t\t\t\tДобавлено: в\t\t\t        \t\t\t\t\t\t\t\t        \t\t\t15:04, 26 марта 2019, <span class=\"nowrap\">Номер объявления: 582100452</span>\n\t\t\t\t\t\t\t\t</span>"]},
{"date": ["<span class=\"pdingleft10 brlefte5\">\n\t\t\t        \t\t\t\t\t\t\t        \t\t\t\t\tДобавлено: в\t\t\t        \t\t\t\t\t\t\t\t        \t\t\t11:13, 26 марта 2019, <span class=\"nowrap\">Номер объявления: 587519931</span>\n\t\t\t\t\t\t\t\t</span>"]},
{"date": ["<span class=\"pdingleft10 brlefte5\">\n\t\t\t        \t\t\t\t\t\t\t        \t\t\t\t\t<i data-icon=\"mobile\"></i>\n\t\t\t        \t\t\t\t\t\t\t\t        \t\t\t\t\t\t<a class=\"link mobile\" href=\"https://www.olx.ua/mobileapps/\" target=\"_blank\"><span>Опубликовано с мобильного</span></a> в\t\t\t        \t\t\t\t\t\t\t\t        \t\t\t\t\t\t\t\t        \t\t\t15:42, 26 марта 2019, <span class=\"nowrap\">Номер объявления: 466248666</span>\n\t\t\t\t\t\t\t\t</span>"]},
{"date": ["<span class=\"pdingleft10 brlefte5\">\n\t\t\t        \t\t\t\t\t\t\t        \t\t\t\t\tДобавлено: в\t\t\t        \t\t\t\t\t\t\t\t        \t\t\t14:26, 15 марта 2019, <span class=\"nowrap\">Номер объявления: 585640037</span>\n\t\t\t\t\t\t\t\t</span>"]},
{"date": ["<span class=\"pdingleft10 brlefte5\">\n\t\t\t        \t\t\t\t\t\t\t        \t\t\t\t\tДобавлено: в\t\t\t        \t\t\t\t\t\t\t\t        \t\t\t14:21, 15 марта 2019, <span class=\"nowrap\">Номер объявления: 585637893</span>\n\t\t\t\t\t\t\t\t</span>"]},
{"date": ["<span class=\"pdingleft10 brlefte5\">\n\t\t\t        \t\t\t\t\t\t\t        \t\t\t\t\t<i data-icon=\"mobile\"></i>\n\t\t\t        \t\t\t\t\t\t\t\t        \t\t\t\t\t\t<a class=\"link mobile\" href=\"https://www.olx.ua/mobileapps/\" target=\"_blank\"><span>Опубликовано с мобильного</span></a> в\t\t\t        \t\t\t\t\t\t\t\t        \t\t\t\t\t\t\t\t        \t\t\t16:27, 15 марта 2019, <span class=\"nowrap\">Номер объявления: 498294722</span>\n\t\t\t\t\t\t\t\t</span>"]},
{"date": ["<span class=\"pdingleft10 brlefte5\">\n\t\t\t        \t\t\t\t\t\t\t        \t\t\t\t\tДобавлено: в\t\t\t        \t\t\t\t\t\t\t\t        \t\t\t16:24, 15 марта 2019, <span class=\"nowrap\">Номер объявления: 585662960</span>\n\t\t\t\t\t\t\t\t</span>"]},
{"date": ["<span class=\"pdingleft10 brlefte5\">\n\t\t\t        \t\t\t\t\t\t\t        \t\t\t\t\tДобавлено: в\t\t\t        \t\t\t\t\t\t\t\t        \t\t\t13:37, 16 марта 2019, <span class=\"nowrap\">Номер объявления: 539313764</span>\n\t\t\t\t\t\t\t\t</span>"]},
{"date": ["<span class=\"pdingleft10 brlefte5\">\n\t\t\t        \t\t\t\t\t\t\t        \t\t\t\t\t<i data-icon=\"mobile\"></i>\n\t\t\t        \t\t\t\t\t\t\t\t        \t\t\t\t\t\t<a class=\"link mobile\" href=\"https://www.olx.ua/mobileapps/\" target=\"_blank\"><span>Опубликовано с мобильного</span></a> в\t\t\t        \t\t\t\t\t\t\t\t        \t\t\t\t\t\t\t\t        \t\t\t09:06, 18 марта 2019, <span class=\"nowrap\">Номер объявления: 586092888</span>\n\t\t\t\t\t\t\t\t</span>"]},
{"date": ["<span class=\"pdingleft10 brlefte5\">\n\t\t\t        \t\t\t\t\t\t\t        \t\t\t\t\tДобавлено: в\t\t\t        \t\t\t\t\t\t\t\t        \t\t\t11:18, 18 марта 2019, <span class=\"nowrap\">Номер объявления: 586108194</span>\n\t\t\t\t\t\t\t\t</span>"]},
{"date": ["<span class=\"pdingleft10 brlefte5\">\n\t\t\t        \t\t\t\t\t\t\t        \t\t\t\t\t<i data-icon=\"mobile\"></i>\n\t\t\t        \t\t\t\t\t\t\t\t        \t\t\t\t\t\t<a class=\"link mobile\" href=\"https://www.olx.ua/mobileapps/\" target=\"_blank\"><span>Опубликовано с мобильного</span></a> в\t\t\t        \t\t\t\t\t\t\t\t        \t\t\t\t\t\t\t\t        \t\t\t21:04, 18 марта 2019, <span class=\"nowrap\">Номер объявления: 586234812</span>\n\t\t\t\t\t\t\t\t</span>"]},
{"date": ["<span class=\"pdingleft10 brlefte5\">\n\t\t\t        \t\t\t\t\t\t\t        \t\t\t\t\t<i data-icon=\"mobile\"></i>\n\t\t\t        \t\t\t\t\t\t\t\t        \t\t\t\t\t\t<a class=\"link mobile\" href=\"https://www.olx.ua/mobileapps/\" target=\"_blank\"><span>Опубликовано с мобильного</span></a> в\t\t\t        \t\t\t\t\t\t\t\t        \t\t\t\t\t\t\t\t        \t\t\t12:34, 19 марта 2019, <span class=\"nowrap\">Номер объявления: 586319585</span>\n\t\t\t\t\t\t\t\t</span>"]},
{"date": ["<span class=\"pdingleft10 brlefte5\">\n\t\t\t        \t\t\t\t\t\t\t        \t\t\t\t\tДобавлено: в\t\t\t        \t\t\t\t\t\t\t\t        \t\t\t11:33, 19 марта 2019, <span class=\"nowrap\">Номер объявления: 550384847</span>\n\t\t\t\t\t\t\t\t</span>"]},
{"date": ["<span class=\"pdingleft10 brlefte5\">\n\t\t\t        \t\t\t\t\t\t\t        \t\t\t\t\tДобавлено: в\t\t\t        \t\t\t\t\t\t\t\t        \t\t\t14:30, 19 марта 2019, <span class=\"nowrap\">Номер объявления: 586343207</span>\n\t\t\t\t\t\t\t\t</span>"]},
{"date": ["<span class=\"pdingleft10 brlefte5\">\n\t\t\t        \t\t\t\t\t\t\t        \t\t\t\t\tДобавлено: в\t\t\t        \t\t\t\t\t\t\t\t        \t\t\t17:20, 19 марта 2019, <span class=\"nowrap\">Номер объявления: 586377826</span>\n\t\t\t\t\t\t\t\t</span>"]},
{"date": ["<span class=\"pdingleft10 brlefte5\">\n\t\t\t        \t\t\t\t\t\t\t        \t\t\t\t\tДобавлено: в\t\t\t        \t\t\t\t\t\t\t\t        \t\t\t20:11, 19 марта 2019, <span class=\"nowrap\">Номер объявления: 586408862</span>\n\t\t\t\t\t\t\t\t</span>"]},
{"date": ["<span class=\"pdingleft10 brlefte5\">\n\t\t\t        \t\t\t\t\t\t\t        \t\t\t\t\tДобавлено: в\t\t\t        \t\t\t\t\t\t\t\t        \t\t\t08:39, 19 марта 2019, <span class=\"nowrap\">Номер объявления: 550652739</span>\n\t\t\t\t\t\t\t\t</span>"]},
{"date": ["<span class=\"pdingleft10 brlefte5\">\n\t\t\t        \t\t\t\t\t\t\t        \t\t\t\t\tДобавлено: в\t\t\t        \t\t\t\t\t\t\t\t        \t\t\t21:24, 19 марта 2019, <span class=\"nowrap\">Номер объявления: 586422802</span>\n\t\t\t\t\t\t\t\t</span>"]},
{"date": ["<span class=\"pdingleft10 brlefte5\">\n\t\t\t        \t\t\t\t\t\t\t        \t\t\t\t\t<i data-icon=\"mobile\"></i>\n\t\t\t        \t\t\t\t\t\t\t\t        \t\t\t\t\t\t<a class=\"link mobile\" href=\"https://www.olx.ua/mobileapps/\" target=\"_blank\"><span>Опубликовано с мобильного</span></a> в\t\t\t        \t\t\t\t\t\t\t\t        \t\t\t\t\t\t\t\t        \t\t\t20:05, 20 марта 2019, <span class=\"nowrap\">Номер объявления: 586579246</span>\n\t\t\t\t\t\t\t\t</span>"]},
{"date": ["<span class=\"pdingleft10 brlefte5\">\n\t\t\t        \t\t\t\t\t\t\t        \t\t\t\t\tДобавлено: в\t\t\t        \t\t\t\t\t\t\t\t        \t\t\t20:35, 19 марта 2019, <span class=\"nowrap\">Номер объявления: 586413472</span>\n\t\t\t\t\t\t\t\t</span>"]},
{"date": ["<span class=\"pdingleft10 brlefte5\">\n\t\t\t        \t\t\t\t\t\t\t        \t\t\t\t\t<i data-icon=\"mobile\"></i>\n\t\t\t        \t\t\t\t\t\t\t\t        \t\t\t\t\t\t<a class=\"link mobile\" href=\"https://www.olx.ua/mobileapps/\" target=\"_blank\"><span>Опубликовано с мобильного</span></a> в\t\t\t        \t\t\t\t\t\t\t\t        \t\t\t\t\t\t\t\t        \t\t\t22:00, 20 марта 2019, <span class=\"nowrap\">Номер объявления: 586607760</span>\n\t\t\t\t\t\t\t\t</span>"]},
{"date": ["<span class=\"pdingleft10 brlefte5\">\n\t\t\t        \t\t\t\t\t\t\t        \t\t\t\t\t<i data-icon=\"mobile\"></i>\n\t\t\t        \t\t\t\t\t\t\t\t        \t\t\t\t\t\t<a class=\"link mobile\" href=\"https://www.olx.ua/mobileapps/\" target=\"_blank\"><span>Опубликовано с мобильного</span></a> в\t\t\t        \t\t\t\t\t\t\t\t        \t\t\t\t\t\t\t\t        \t\t\t18:34, 20 марта 2019, <span class=\"nowrap\">Номер объявления: 586570989</span>\n\t\t\t\t\t\t\t\t</span>"]},
{"date": ["<span class=\"pdingleft10 brlefte5\">\n\t\t\t        \t\t\t\t\t\t\t        \t\t\t\t\t<i data-icon=\"mobile\"></i>\n\t\t\t        \t\t\t\t\t\t\t\t        \t\t\t\t\t\t<a class=\"link mobile\" href=\"https://www.olx.ua/mobileapps/\" target=\"_blank\"><span>Опубликовано с мобильного</span></a> в\t\t\t        \t\t\t\t\t\t\t\t        \t\t\t\t\t\t\t\t        \t\t\t10:53, 21 марта 2019, <span class=\"nowrap\">Номер объявления: 508413964</span>\n\t\t\t\t\t\t\t\t</span>"]},
{"date": ["<span class=\"pdingleft10 brlefte5\">\n\t\t\t        \t\t\t\t\t\t\t        \t\t\t\t\tДобавлено: в\t\t\t        \t\t\t\t\t\t\t\t        \t\t\t09:43, 20 марта 2019, <span class=\"nowrap\">Номер объявления: 561779906</span>\n\t\t\t\t\t\t\t\t</span>"]},
{"date": ["<span class=\"pdingleft10 brlefte5\">\n\t\t\t        \t\t\t\t\t\t\t        \t\t\t\t\tДобавлено: в\t\t\t        \t\t\t\t\t\t\t\t        \t\t\t12:12, 15 марта 2019, <span class=\"nowrap\">Номер объявления: 585594446</span>\n\t\t\t\t\t\t\t\t</span>"]},
{"date": ["<span class=\"pdingleft10 brlefte5\">\n\t\t\t        \t\t\t\t\t\t\t        \t\t\t\t\tДобавлено: в\t\t\t        \t\t\t\t\t\t\t\t        \t\t\t16:05, 26 марта 2019, <span class=\"nowrap\">Номер объявления: 587573311</span>\n\t\t\t\t\t\t\t\t</span>"]},
{"date": ["<span class=\"pdingleft10 brlefte5\">\n\t\t\t        \t\t\t\t\t\t\t        \t\t\t\t\tДобавлено: в\t\t\t        \t\t\t\t\t\t\t\t        \t\t\t16:15, 26 марта 2019, <span class=\"nowrap\">Номер объявления: 548636297</span>\n\t\t\t\t\t\t\t\t</span>"]},
{"date": ["<span class=\"pdingleft10 brlefte5\">\n\t\t\t        \t\t\t\t\t\t\t        \t\t\t\t\tДобавлено: в\t\t\t        \t\t\t\t\t\t\t\t        \t\t\t19:30, 26 марта 2019, <span class=\"nowrap\">Номер объявления: 587621831</span>\n\t\t\t\t\t\t\t\t</span>"]},
{"date": ["<span class=\"pdingleft10 brlefte5\">\n\t\t\t        \t\t\t\t\t\t\t        \t\t\t\t\tДобавлено: в\t\t\t        \t\t\t\t\t\t\t\t        \t\t\t12:44, 21 марта 2019, <span class=\"nowrap\">Номер объявления: 586660451</span>\n\t\t\t\t\t\t\t\t</span>"]},
{"date": ["<span class=\"pdingleft10 brlefte5\">\n\t\t\t        \t\t\t\t\t\t\t        \t\t\t\t\tДобавлено: в\t\t\t        \t\t\t\t\t\t\t\t        \t\t\t14:43, 27 марта 2019, <span class=\"nowrap\">Номер объявления: 514966676</span>\n\t\t\t\t\t\t\t\t</span>"]},
{"date": ["<span class=\"pdingleft10 brlefte5\">\n\t\t\t        \t\t\t\t\t\t\t        \t\t\t\t\tДобавлено: в\t\t\t        \t\t\t\t\t\t\t\t        \t\t\t16:44, 20 марта 2019, <span class=\"nowrap\">Номер объявления: 586550113</span>\n\t\t\t\t\t\t\t\t</span>"]},
{"date": ["<span class=\"pdingleft10 brlefte5\">\n\t\t\t        \t\t\t\t\t\t\t        \t\t\t\t\tДобавлено: в\t\t\t        \t\t\t\t\t\t\t\t        \t\t\t15:06, 20 марта 2019, <span class=\"nowrap\">Номер объявления: 586531087</span>\n\t\t\t\t\t\t\t\t</span>"]},
{"date": ["<span class=\"pdingleft10 brlefte5\">\n\t\t\t        \t\t\t\t\t\t\t        \t\t\t\t\t<i data-icon=\"mobile\"></i>\n\t\t\t        \t\t\t\t\t\t\t\t        \t\t\t\t\t\t<a class=\"link mobile\" href=\"https://www.olx.ua/mobileapps/\" target=\"_blank\"><span>Опубликовано с мобильного</span></a> в\t\t\t        \t\t\t\t\t\t\t\t        \t\t\t\t\t\t\t\t        \t\t\t13:57, 27 марта 2019, <span class=\"nowrap\">Номер объявления: 563466561</span>\n\t\t\t\t\t\t\t\t</span>"]},
{"date": ["<span class=\"pdingleft10 brlefte5\">\n\t\t\t        \t\t\t\t\t\t\t        \t\t\t\t\tДобавлено: в\t\t\t        \t\t\t\t\t\t\t\t        \t\t\t22:17, 27 марта 2019, <span class=\"nowrap\">Номер объявления: 587834940</span>\n\t\t\t\t\t\t\t\t</span>"]},
{"date": ["<span class=\"pdingleft10 brlefte5\">\n\t\t\t        \t\t\t\t\t\t\t        \t\t\t\t\tДобавлено: в\t\t\t        \t\t\t\t\t\t\t\t        \t\t\t13:14, 27 марта 2019, <span class=\"nowrap\">Номер объявления: 587729379</span>\n\t\t\t\t\t\t\t\t</span>"]},
{"date": []},
{"date": []},
{"date": []},
{"date": []},
{"date": ["<span class=\"pdingleft10 brlefte5\">\n\t\t\t        \t\t\t\t\t\t\t        \t\t\t\t\t<i data-icon=\"mobile\"></i>\n\t\t\t        \t\t\t\t\t\t\t\t        \t\t\t\t\t\t<a class=\"link mobile\" href=\"https://www.olx.ua/mobileapps/\" target=\"_blank\"><span>Опубликовано с мобильного</span></a> в\t\t\t        \t\t\t\t\t\t\t\t        \t\t\t\t\t\t\t\t        \t\t\t10:49, 28 марта 2019, <span class=\"nowrap\">Номер объявления: 587880025</span>\n\t\t\t\t\t\t\t\t</span>"]},
{"date": []},
{"date": []},
{"date": ["<span class=\"pdingleft10 brlefte5\">\n\t\t\t        \t\t\t\t\t\t\t        \t\t\t\t\tДобавлено: в\t\t\t        \t\t\t\t\t\t\t\t        \t\t\t10:31, 22 марта 2019, <span class=\"nowrap\">Номер объявления: 586737495</span>\n\t\t\t\t\t\t\t\t</span>"]},
{"date": []},
{"date": []},
{"date": ["<span class=\"pdingleft10 brlefte5\">\n\t\t\t        \t\t\t\t\t\t\t        \t\t\t\t\tДобавлено: в\t\t\t        \t\t\t\t\t\t\t\t        \t\t\t15:49, 28 марта 2019, <span class=\"nowrap\">Номер объявления: 586143543</span>\n\t\t\t\t\t\t\t\t</span>"]},
{"date": ["<span class=\"pdingleft10 brlefte5\">\n\t\t\t        \t\t\t\t\t\t\t        \t\t\t\t\t<i data-icon=\"mobile\"></i>\n\t\t\t        \t\t\t\t\t\t\t\t        \t\t\t\t\t\t<a class=\"link mobile\" href=\"https://www.olx.ua/mobileapps/\" target=\"_blank\"><span>Опубликовано с мобильного</span></a> в\t\t\t        \t\t\t\t\t\t\t\t        \t\t\t\t\t\t\t\t        \t\t\t19:37, 26 марта 2019, <span class=\"nowrap\">Номер объявления: 587622686</span>\n\t\t\t\t\t\t\t\t</span>"]},
{"date": []},
{"date": ["<span class=\"pdingleft10 brlefte5\">\n\t\t\t        \t\t\t\t\t\t\t        \t\t\t\t\tДобавлено: в\t\t\t        \t\t\t\t\t\t\t\t        \t\t\t12:17, 29 марта 2019, <span class=\"nowrap\">Номер объявления: 588070910</span>\n\t\t\t\t\t\t\t\t</span>"]},
{"date": ["<span class=\"pdingleft10 brlefte5\">\n\t\t\t        \t\t\t\t\t\t\t        \t\t\t\t\t<i data-icon=\"mobile\"></i>\n\t\t\t        \t\t\t\t\t\t\t\t        \t\t\t\t\t\t<a class=\"link mobile\" href=\"https://www.olx.ua/mobileapps/\" target=\"_blank\"><span>Опубликовано с мобильного</span></a> в\t\t\t        \t\t\t\t\t\t\t\t        \t\t\t\t\t\t\t\t        \t\t\t22:29, 1 апреля 2019, <span class=\"nowrap\">Номер объявления: 588608193</span>\n\t\t\t\t\t\t\t\t</span>"]},
{"date": []},
{"date": []},
{"date": []},
{"date": []},
{"date": []},
{"date": []},
{"date": []},
{"date": []},
{"date": []},
{"date": []},
{"date": []},
{"date": []},
{"date": []},
{"date": []},
{"date": []},
{"date": []},
{"date": []},
{"date": []},
{"date": []},
{"date": []},
{"date": []},
{"date": []},
{"date": []},
{"date": []},
{"date": []},
{"date": []},
{"date": []},
{"date": []},
{"date": []},
{"date": []},
{"date": []},
{"date": []},
{"date": []},
{"date": []},
{"date": []},
{"date": []},
{"date": []},
{"date": []},
{"date": []},
{"date": []},
{"date": []},
{"date": []},
{"date": []},
{"date": []},
{"date": []},
{"date": []},
{"date": []},
{"date": []},
{"date": []},
{"date": []},
{"date": []},
{"date": []},
{"date": []},
{"date": []},
{"date": []},
{"date": []},
{"date": []},
{"date": []},
{"date": []},
{"date": []},
{"date": []},
{"date": []},
{"date": []},
{"date": []},
{"date": []},
{"date": []},
{"date": []},
{"date": []},
{"date": []}
]